id,name,description,modified,thumbnail/path,thumbnail/extension,resourceURI,comics/available,comics/collectionURI,comics/items/0/resourceURI,comics/items/0/name,comics/items/1/resourceURI,comics/items/1/name,comics/items/2/resourceURI,comics/items/2/name,comics/items/3/resourceURI,comics/items/3/name,comics/items/4/resourceURI,comics/items/4/name,comics/items/5/resourceURI,comics/items/5/name,comics/items/6/resourceURI,comics/items/6/name,comics/items/7/resourceURI,comics/items/7/name,comics/items/8/resourceURI,comics/items/8/name,comics/items/9/resourceURI,comics/items/9/name,comics/items/10/resourceURI,comics/items/10/name,comics/items/11/resourceURI,comics/items/11/name,comics/returned,series/available,series/collectionURI,series/items/0/resourceURI,series/items/0/name,series/items/1/resourceURI,series/items/1/name,series/items/2/resourceURI,series/items/2/name,series/returned,stories/available,stories/collectionURI,stories/items/0/resourceURI,stories/items/0/name,stories/items/0/type,stories/items/1/resourceURI,stories/items/1/name,stories/items/1/type,stories/items/2/resourceURI,stories/items/2/name,stories/items/2/type,stories/items/3/resourceURI,stories/items/3/name,stories/items/3/type,stories/items/4/resourceURI,stories/items/4/name,stories/items/4/type,stories/items/5/resourceURI,stories/items/5/name,stories/items/5/type,stories/items/6/resourceURI,stories/items/6/name,stories/items/6/type,stories/items/7/resourceURI,stories/items/7/name,stories/items/7/type,stories/items/8/resourceURI,stories/items/8/name,stories/items/8/type,stories/items/9/resourceURI,stories/items/9/name,stories/items/9/type,stories/items/10/resourceURI,stories/items/10/name,stories/items/10/type,stories/items/11/resourceURI,stories/items/11/name,stories/items/11/type,stories/items/12/resourceURI,stories/items/12/name,stories/items/12/type,stories/items/13/resourceURI,stories/items/13/name,stories/items/13/type,stories/items/14/resourceURI,stories/items/14/name,stories/items/14/type,stories/items/15/resourceURI,stories/items/15/name,stories/items/15/type,stories/items/16/resourceURI,stories/items/16/name,stories/items/16/type,stories/items/17/resourceURI,stories/items/17/name,stories/items/17/type,stories/items/18/resourceURI,stories/items/18/name,stories/items/18/type,stories/items/19/resourceURI,stories/items/19/name,stories/items/19/type,stories/returned,events/available,events/collectionURI,events/items/0/resourceURI,events/items/0/name,events/returned,urls/0/type,urls/0/url,urls/1/type,urls/1/url,urls/2/type,urls/2/url,comics/items/12/resourceURI,comics/items/12/name,comics/items/13/resourceURI,comics/items/13/name,comics/items/14/resourceURI,comics/items/14/name,comics/items/15/resourceURI,comics/items/15/name,comics/items/16/resourceURI,comics/items/16/name,comics/items/17/resourceURI,comics/items/17/name,comics/items/18/resourceURI,comics/items/18/name,comics/items/19/resourceURI,comics/items/19/name,series/items/3/resourceURI,series/items/3/name,series/items/4/resourceURI,series/items/4/name,series/items/5/resourceURI,series/items/5/name,series/items/6/resourceURI,series/items/6/name,series/items/7/resourceURI,series/items/7/name,series/items/8/resourceURI,series/items/8/name,series/items/9/resourceURI,series/items/9/name,series/items/10/resourceURI,series/items/10/name,series/items/11/resourceURI,series/items/11/name,series/items/12/resourceURI,series/items/12/name,series/items/13/resourceURI,series/items/13/name,series/items/14/resourceURI,series/items/14/name,series/items/15/resourceURI,series/items/15/name,series/items/16/resourceURI,series/items/16/name,series/items/17/resourceURI,series/items/17/name,series/items/18/resourceURI,series/items/18/name,series/items/19/resourceURI,series/items/19/name,events/items/1/resourceURI,events/items/1/name,events/items/2/resourceURI,events/items/2/name,events/items/3/resourceURI,events/items/3/name,events/items/4/resourceURI,events/items/4/name,events/items/5/resourceURI,events/items/5/name,events/items/6/resourceURI,events/items/6/name,events/items/7/resourceURI,events/items/7/name
1011334,3-D Man,,2014-04-29T14:18:17-0400,http://i.annihil.us/u/prod/marvel/i/mg/c/e0/535fecbbb9784,jpg,http://gateway.marvel.com/v1/public/characters/1011334,12,http://gateway.marvel.com/v1/public/characters/1011334/comics,http://gateway.marvel.com/v1/public/comics/21366,Avengers: The Initiative (2007) #14,http://gateway.marvel.com/v1/public/comics/24571,Avengers: The Initiative (2007) #14 (SPOTLIGHT VARIANT),http://gateway.marvel.com/v1/public/comics/21546,Avengers: The Initiative (2007) #15,http://gateway.marvel.com/v1/public/comics/21741,Avengers: The Initiative (2007) #16,http://gateway.marvel.com/v1/public/comics/21975,Avengers: The Initiative (2007) #17,http://gateway.marvel.com/v1/public/comics/22299,Avengers: The Initiative (2007) #18,http://gateway.marvel.com/v1/public/comics/22300,Avengers: The Initiative (2007) #18 (ZOMBIE VARIANT),http://gateway.marvel.com/v1/public/comics/22506,Avengers: The Initiative (2007) #19,http://gateway.marvel.com/v1/public/comics/8500,Deadpool (1997) #44,http://gateway.marvel.com/v1/public/comics/10223,Marvel Premiere (1972) #35,http://gateway.marvel.com/v1/public/comics/10224,Marvel Premiere (1972) #36,http://gateway.marvel.com/v1/public/comics/10225,Marvel Premiere (1972) #37,12,3,http://gateway.marvel.com/v1/public/characters/1011334/series,http://gateway.marvel.com/v1/public/series/1945,Avengers: The Initiative (2007 - 2010),http://gateway.marvel.com/v1/public/series/2005,Deadpool (1997 - 2002),http://gateway.marvel.com/v1/public/series/2045,Marvel Premiere (1972 - 1981),3,21,http://gateway.marvel.com/v1/public/characters/1011334/stories,http://gateway.marvel.com/v1/public/stories/19947,Cover #19947,cover,http://gateway.marvel.com/v1/public/stories/19948,The 3-D Man!,interiorStory,http://gateway.marvel.com/v1/public/stories/19949,Cover #19949,cover,http://gateway.marvel.com/v1/public/stories/19950,The Devil's Music!,interiorStory,http://gateway.marvel.com/v1/public/stories/19951,Cover #19951,cover,http://gateway.marvel.com/v1/public/stories/19952,Code-Name:  The Cold Warrior!,interiorStory,http://gateway.marvel.com/v1/public/stories/47184,AVENGERS: THE INITIATIVE (2007) #14,cover,http://gateway.marvel.com/v1/public/stories/47185,Avengers: The Initiative (2007) #14 - Int,interiorStory,http://gateway.marvel.com/v1/public/stories/47498,AVENGERS: THE INITIATIVE (2007) #15,cover,http://gateway.marvel.com/v1/public/stories/47499,Avengers: The Initiative (2007) #15 - Int,interiorStory,http://gateway.marvel.com/v1/public/stories/47792,AVENGERS: THE INITIATIVE (2007) #16,cover,http://gateway.marvel.com/v1/public/stories/47793,Avengers: The Initiative (2007) #16 - Int,interiorStory,http://gateway.marvel.com/v1/public/stories/48361,AVENGERS: THE INITIATIVE (2007) #17,cover,http://gateway.marvel.com/v1/public/stories/48362,Avengers: The Initiative (2007) #17 - Int,interiorStory,http://gateway.marvel.com/v1/public/stories/49103,AVENGERS: THE INITIATIVE (2007) #18,cover,http://gateway.marvel.com/v1/public/stories/49104,Avengers: The Initiative (2007) #18 - Int,interiorStory,http://gateway.marvel.com/v1/public/stories/49106,"Avengers: The Initiative (2007) #18, Zombie Variant - Int",interiorStory,http://gateway.marvel.com/v1/public/stories/49888,AVENGERS: THE INITIATIVE (2007) #19,cover,http://gateway.marvel.com/v1/public/stories/49889,Avengers: The Initiative (2007) #19 - Int,interiorStory,http://gateway.marvel.com/v1/public/stories/54371,"Avengers: The Initiative (2007) #14, Spotlight Variant - Int",interiorStory,20,1,http://gateway.marvel.com/v1/public/characters/1011334/events,http://gateway.marvel.com/v1/public/events/269,Secret Invasion,1,detail,http://marvel.com/characters/74/3-d_man?utm_campaign=apiRef&utm_source=2a473b4e6ba914e775d03adebf39f7eb,wiki,http://marvel.com/universe/3-D_Man_(Chandler)?utm_campaign=apiRef&utm_source=2a473b4e6ba914e775d03adebf39f7eb,comiclink,http://marvel.com/comics/characters/1011334/3-d_man?utm_campaign=apiRef&utm_source=2a473b4e6ba914e775d03adebf39f7eb,,,,,,,,,,,,,,,,,,,,,,,,,,,,,,,,,,,,,,,,,,,,,,,,,,,,,,,,,,,,,,,,
1017100,A-Bomb (HAS),"Rick Jones has been Hulk's best bud since day one, but now he's more than a friend...he's a teammate! Transformed by a Gamma energy explosion, A-Bomb's thick, armored skin is just as strong and powerful as it is blue. And when he curls into action, he uses it like a giant bowling ball of destruction! ",2013-09-18T15:54:04-0400,http://i.annihil.us/u/prod/marvel/i/mg/3/20/5232158de5b16,jpg,http://gateway.marvel.com/v1/public/characters/1017100,4,http://gateway.marvel.com/v1/public/characters/1017100/comics,http://gateway.marvel.com/v1/public/comics/47176,FREE COMIC BOOK DAY 2013 1 (2013) #1,http://gateway.marvel.com/v1/public/comics/40632,Hulk (2008) #53,http://gateway.marvel.com/v1/public/comics/40630,Hulk (2008) #54,http://gateway.marvel.com/v1/public/comics/40628,Hulk (2008) #55,,,,,,,,,,,,,,,,,4,2,http://gateway.marvel.com/v1/public/characters/1017100/series,http://gateway.marvel.com/v1/public/series/17765,FREE COMIC BOOK DAY 2013 1 (2013),http://gateway.marvel.com/v1/public/series/3374,Hulk (2008 - 2012),,,2,7,http://gateway.marvel.com/v1/public/characters/1017100/stories,http://gateway.marvel.com/v1/public/stories/92078,Hulk (2008) #55,cover,http://gateway.marvel.com/v1/public/stories/92079,Interior #92079,interiorStory,http://gateway.marvel.com/v1/public/stories/92082,Hulk (2008) #54,cover,http://gateway.marvel.com/v1/public/stories/92083,Interior #92083,interiorStory,http://gateway.marvel.com/v1/public/stories/92086,Hulk (2008) #53,cover,http://gateway.marvel.com/v1/public/stories/92087,Interior #92087,interiorStory,http://gateway.marvel.com/v1/public/stories/105929,cover from Free Comic Book Day 2013 (Avengers/Hulk) (2013) #1,cover,,,,,,,,,,,,,,,,,,,,,,,,,,,,,,,,,,,,,,,,7,0,http://gateway.marvel.com/v1/public/characters/1017100/events,,,0,detail,http://marvel.com/characters/76/a-bomb?utm_campaign=apiRef&utm_source=2a473b4e6ba914e775d03adebf39f7eb,comiclink,http://marvel.com/comics/characters/1017100/a-bomb_has?utm_campaign=apiRef&utm_source=2a473b4e6ba914e775d03adebf39f7eb,,,,,,,,,,,,,,,,,,,,,,,,,,,,,,,,,,,,,,,,,,,,,,,,,,,,,,,,,,,,,,,,,,
1009144,A.I.M.,AIM is a terrorist organization bent on destroying the world.,2013-10-17T14:41:30-0400,http://i.annihil.us/u/prod/marvel/i/mg/6/20/52602f21f29ec,jpg,http://gateway.marvel.com/v1/public/characters/1009144,53,http://gateway.marvel.com/v1/public/characters/1009144/comics,http://gateway.marvel.com/v1/public/comics/36763,Ant-Man & the Wasp (2010) #3,http://gateway.marvel.com/v1/public/comics/17553,Avengers (1998) #67,http://gateway.marvel.com/v1/public/comics/7340,Avengers (1963) #87,http://gateway.marvel.com/v1/public/comics/4214,Avengers and Power Pack Assemble! (2006) #2,http://gateway.marvel.com/v1/public/comics/63217,Avengers and Power Pack (2017) #3,http://gateway.marvel.com/v1/public/comics/63218,Avengers and Power Pack (2017) #4,http://gateway.marvel.com/v1/public/comics/63219,Avengers and Power Pack (2017) #5,http://gateway.marvel.com/v1/public/comics/63220,Avengers and Power Pack (2017) #6,http://gateway.marvel.com/v1/public/comics/64790,AVENGERS BY BRIAN MICHAEL BENDIS: THE COMPLETE COLLECTION VOL. 2 TPB (Trade Paperback),http://gateway.marvel.com/v1/public/comics/103371,Avengers Unlimited Infinity Comic (2022) #17,http://gateway.marvel.com/v1/public/comics/1170,Avengers Vol. 2: Red Zone (Trade Paperback),http://gateway.marvel.com/v1/public/comics/1214,Avengers Vol. II: Red Zone (Trade Paperback),20,36,http://gateway.marvel.com/v1/public/characters/1009144/series,http://gateway.marvel.com/v1/public/series/13082,Ant-Man & the Wasp (2010 - 2011),http://gateway.marvel.com/v1/public/series/354,Avengers (1998 - 2004),http://gateway.marvel.com/v1/public/series/1991,Avengers (1963 - 1996),20,57,http://gateway.marvel.com/v1/public/characters/1009144/stories,http://gateway.marvel.com/v1/public/stories/5800,Avengers and Power Pack Assemble! (2006) #2,cover,http://gateway.marvel.com/v1/public/stories/5801,2 of 4 - 4XLS,interiorStory,http://gateway.marvel.com/v1/public/stories/10253,When the Unliving Strike,interiorStory,http://gateway.marvel.com/v1/public/stories/10255,Cover #10255,cover,http://gateway.marvel.com/v1/public/stories/10256,The Enemy Within!,interiorStory,http://gateway.marvel.com/v1/public/stories/10259,Death Before Dishonor!,interiorStory,http://gateway.marvel.com/v1/public/stories/10261,Cover #10261,cover,http://gateway.marvel.com/v1/public/stories/10262,The End of A.I.M.!,interiorStory,http://gateway.marvel.com/v1/public/stories/11921,The Red Skull Lives!,interiorStory,http://gateway.marvel.com/v1/public/stories/11930,He Who Holds the Cosmic Cube,interiorStory,http://gateway.marvel.com/v1/public/stories/11936,The Maddening Mystery of the Inconceivable Adaptoid!,interiorStory,http://gateway.marvel.com/v1/public/stories/11981,If This Be... Modok,interiorStory,http://gateway.marvel.com/v1/public/stories/11984,A Time to Die -- A Time to Live!,interiorStory,http://gateway.marvel.com/v1/public/stories/11995,At the Mercy of the Maggia,interiorStory,http://gateway.marvel.com/v1/public/stories/15243,"Look Homeward, Avenger",interiorStory,http://gateway.marvel.com/v1/public/stories/17518,Captain America (1968) #132,cover,http://gateway.marvel.com/v1/public/stories/17519,The Fearful Secret of Bucky Barnes,interiorStory,http://gateway.marvel.com/v1/public/stories/17520,Captain America (1968) #133,cover,http://gateway.marvel.com/v1/public/stories/17521,Madness In the Slums,interiorStory,http://gateway.marvel.com/v1/public/stories/28233,In Sin Airy X,interiorStory,20,0,http://gateway.marvel.com/v1/public/characters/1009144/events,,,0,detail,http://marvel.com/characters/77/aim.?utm_campaign=apiRef&utm_source=2a473b4e6ba914e775d03adebf39f7eb,wiki,http://marvel.com/universe/A.I.M.?utm_campaign=apiRef&utm_source=2a473b4e6ba914e775d03adebf39f7eb,comiclink,http://marvel.com/comics/characters/1009144/aim.?utm_campaign=apiRef&utm_source=2a473b4e6ba914e775d03adebf39f7eb,http://gateway.marvel.com/v1/public/comics/12787,Captain America (1998) #28,http://gateway.marvel.com/v1/public/comics/7513,Captain America (1968) #132,http://gateway.marvel.com/v1/public/comics/7514,Captain America (1968) #133,http://gateway.marvel.com/v1/public/comics/65466,"Captain America by Mark Waid, Ron Garney & Andy Kubert (Hardcover)",http://gateway.marvel.com/v1/public/comics/20367,Defenders (1972) #57,http://gateway.marvel.com/v1/public/comics/31068,Incredible Hulks (2010) #606 (VARIANT),http://gateway.marvel.com/v1/public/comics/46168,Indestructible Hulk (2012) #3,http://gateway.marvel.com/v1/public/comics/43944,Iron Man (2012) #1,http://gateway.marvel.com/v1/public/series/23123,Avengers and Power Pack (2017),http://gateway.marvel.com/v1/public/series/1046,Avengers and Power Pack Assemble! (2006),http://gateway.marvel.com/v1/public/series/27689,AVENGERS BY BRIAN MICHAEL BENDIS: THE COMPLETE COLLECTION VOL. 2 TPB (2017),http://gateway.marvel.com/v1/public/series/35600,Avengers Unlimited Infinity Comic (2022 - 2023),http://gateway.marvel.com/v1/public/series/227,Avengers Vol. 2: Red Zone (2003),http://gateway.marvel.com/v1/public/series/271,Avengers Vol. II: Red Zone (2003),http://gateway.marvel.com/v1/public/series/1997,Captain America (1998 - 2002),http://gateway.marvel.com/v1/public/series/1996,Captain America (1968 - 1996),http://gateway.marvel.com/v1/public/series/23810,"Captain America by Mark Waid, Ron Garney & Andy Kubert (2017)",http://gateway.marvel.com/v1/public/series/3743,Defenders (1972 - 1986),http://gateway.marvel.com/v1/public/series/8842,Incredible Hulks (2010 - 2011),http://gateway.marvel.com/v1/public/series/16583,Indestructible Hulk (2012 - 2014),http://gateway.marvel.com/v1/public/series/2029,Iron Man (1968 - 1996),http://gateway.marvel.com/v1/public/series/16593,Iron Man (2012 - 2014),http://gateway.marvel.com/v1/public/series/23915,Iron Man Epic Collection: Doom (2018),http://gateway.marvel.com/v1/public/series/9718,Marvel Adventures Super Heroes (2010 - 2012),http://gateway.marvel.com/v1/public/series/1506,MARVEL MASTERWORKS: CAPTAIN AMERICA (2005),,,,,,,,,,,,,,
1010699,Aaron Stack,,1969-12-31T19:00:00-0500,http://i.annihil.us/u/prod/marvel/i/mg/b/40/image_not_available,jpg,http://gateway.marvel.com/v1/public/characters/1010699,14,http://gateway.marvel.com/v1/public/characters/1010699/comics,http://gateway.marvel.com/v1/public/comics/40776,Dark Avengers (2012) #177,http://gateway.marvel.com/v1/public/comics/40773,Dark Avengers (2012) #179,http://gateway.marvel.com/v1/public/comics/40774,Dark Avengers (2012) #180,http://gateway.marvel.com/v1/public/comics/40778,Dark Avengers (2012) #181,http://gateway.marvel.com/v1/public/comics/40787,Dark Avengers (2012) #182,http://gateway.marvel.com/v1/public/comics/40786,Dark Avengers (2012) #183,http://gateway.marvel.com/v1/public/comics/38073,Hulk (2008) #43,http://gateway.marvel.com/v1/public/comics/11910,Universe X (2000) #6,http://gateway.marvel.com/v1/public/comics/11911,Universe X (2000) #7,http://gateway.marvel.com/v1/public/comics/11912,Universe X (2000) #8,http://gateway.marvel.com/v1/public/comics/11913,Universe X (2000) #9,http://gateway.marvel.com/v1/public/comics/11903,Universe X (2000) #10,14,3,http://gateway.marvel.com/v1/public/characters/1010699/series,http://gateway.marvel.com/v1/public/series/789,Dark Avengers (2012 - 2013),http://gateway.marvel.com/v1/public/series/3374,Hulk (2008 - 2012),http://gateway.marvel.com/v1/public/series/2085,Universe X (2000 - 2001),3,27,http://gateway.marvel.com/v1/public/characters/1010699/stories,http://gateway.marvel.com/v1/public/stories/25634,Universe X (2000) #10,cover,http://gateway.marvel.com/v1/public/stories/25635,Interior #25635,interiorStory,http://gateway.marvel.com/v1/public/stories/25637,Universe X (2000) #12,cover,http://gateway.marvel.com/v1/public/stories/25638,Interior #25638,interiorStory,http://gateway.marvel.com/v1/public/stories/25647,Universe X (2000) #6,cover,http://gateway.marvel.com/v1/public/stories/25648,Interior #25648,interiorStory,http://gateway.marvel.com/v1/public/stories/25649,Universe X (2000) #7,cover,http://gateway.marvel.com/v1/public/stories/25650,Interior #25650,interiorStory,http://gateway.marvel.com/v1/public/stories/25651,Universe X (2000) #8,cover,http://gateway.marvel.com/v1/public/stories/25652,Interior #25652,interiorStory,http://gateway.marvel.com/v1/public/stories/25653,Universe X (2000) #9,cover,http://gateway.marvel.com/v1/public/stories/25654,Interior #25654,interiorStory,http://gateway.marvel.com/v1/public/stories/67100,Universe X (2000) #11,cover,http://gateway.marvel.com/v1/public/stories/89190,Hulk (2008) #43,cover,http://gateway.marvel.com/v1/public/stories/90002,Interior #90002,interiorStory,http://gateway.marvel.com/v1/public/stories/92370,Dark Avengers (2012) #179,cover,http://gateway.marvel.com/v1/public/stories/92371,Interior #92371,interiorStory,http://gateway.marvel.com/v1/public/stories/92372,Dark Avengers (2012) #180,cover,http://gateway.marvel.com/v1/public/stories/92373,Interior #92373,interiorStory,http://gateway.marvel.com/v1/public/stories/92376,Dark Avengers (2012) #177,cover,20,0,http://gateway.marvel.com/v1/public/characters/1010699/events,,,0,detail,http://marvel.com/characters/2809/aaron_stack?utm_campaign=apiRef&utm_source=2a473b4e6ba914e775d03adebf39f7eb,comiclink,http://marvel.com/comics/characters/1010699/aaron_stack?utm_campaign=apiRef&utm_source=2a473b4e6ba914e775d03adebf39f7eb,,,http://gateway.marvel.com/v1/public/comics/11904,Universe X (2000) #11,http://gateway.marvel.com/v1/public/comics/11905,Universe X (2000) #12,,,,,,,,,,,,,,,,,,,,,,,,,,,,,,,,,,,,,,,,,,,,,,,,,,,,,,,,,,,,
1009146,Abomination (Emil Blonsky),"Formerly known as Emil Blonsky, a spy of Soviet Yugoslavian origin working for the KGB, the Abomination gained his powers after receiving a dose of gamma radiation similar to that which transformed Bruce Banner into the incredible Hulk.",2012-03-20T12:32:12-0400,http://i.annihil.us/u/prod/marvel/i/mg/9/50/4ce18691cbf04,jpg,http://gateway.marvel.com/v1/public/characters/1009146,58,http://gateway.marvel.com/v1/public/characters/1009146/comics,http://gateway.marvel.com/v1/public/comics/88869,Abominations (1996) #1,http://gateway.marvel.com/v1/public/comics/88870,Abominations (1996) #2,http://gateway.marvel.com/v1/public/comics/88871,Abominations (1996) #3,http://gateway.marvel.com/v1/public/comics/17547,Avengers (1998) #61,http://gateway.marvel.com/v1/public/comics/17548,Avengers (1998) #62,http://gateway.marvel.com/v1/public/comics/1098,AVENGERS: WORLD TRUST (Trade Paperback),http://gateway.marvel.com/v1/public/comics/8557,Earth X (1999) #7,http://gateway.marvel.com/v1/public/comics/4241,EARTH X TPB [NEW PRINTING] (Trade Paperback),http://gateway.marvel.com/v1/public/comics/20863,Hulk (2008) #3,http://gateway.marvel.com/v1/public/comics/2499,Hulk: Destruction (2005) #4,http://gateway.marvel.com/v1/public/comics/14424,Hulk (1999) #24,http://gateway.marvel.com/v1/public/comics/14425,Hulk (1999) #25,20,28,http://gateway.marvel.com/v1/public/characters/1009146/series,http://gateway.marvel.com/v1/public/series/30582,Abominations (1996 - Present),http://gateway.marvel.com/v1/public/series/354,Avengers (1998 - 2004),http://gateway.marvel.com/v1/public/series/158,AVENGERS: WORLD TRUST (2003),20,68,http://gateway.marvel.com/v1/public/characters/1009146/stories,http://gateway.marvel.com/v1/public/stories/4946,4 of 4 - 4XLS,cover,http://gateway.marvel.com/v1/public/stories/5496,Irredeemable Ant-Man (2006) #1,cover,http://gateway.marvel.com/v1/public/stories/12370,Cover #12370,cover,http://gateway.marvel.com/v1/public/stories/12372,Whosoever Harms the Hulk..!,interiorStory,http://gateway.marvel.com/v1/public/stories/18419,[none],cover,http://gateway.marvel.com/v1/public/stories/18420,The Stars Mine Enemy,interiorStory,http://gateway.marvel.com/v1/public/stories/18488,Incredible Hulk (1962) #171,cover,http://gateway.marvel.com/v1/public/stories/18489,Revenge,,http://gateway.marvel.com/v1/public/stories/18534,Incredible Hulk (1962) #194,cover,http://gateway.marvel.com/v1/public/stories/18535,The Day of the Locust!,interiorStory,http://gateway.marvel.com/v1/public/stories/18536,Incredible Hulk (1962) #195,cover,http://gateway.marvel.com/v1/public/stories/18537,Warfare In Wonderland!,interiorStory,http://gateway.marvel.com/v1/public/stories/18538,Incredible Hulk (1962) #196,cover,http://gateway.marvel.com/v1/public/stories/18539,The Abomination Proclamation!,interiorStory,http://gateway.marvel.com/v1/public/stories/18546,Incredible Hulk (1962) #200,cover,http://gateway.marvel.com/v1/public/stories/18547,An Intruder In the Mind!,interiorStory,http://gateway.marvel.com/v1/public/stories/18776,Cover #18776,cover,http://gateway.marvel.com/v1/public/stories/18877,Incredible Hulk (1962) #364,cover,http://gateway.marvel.com/v1/public/stories/18878,Countdown Part 4: The Abomination,interiorStory,http://gateway.marvel.com/v1/public/stories/18881,Incredible Hulk (1962) #366,cover,20,1,http://gateway.marvel.com/v1/public/characters/1009146/events,http://gateway.marvel.com/v1/public/events/296,Chaos War,1,detail,http://marvel.com/characters/81/abomination?utm_campaign=apiRef&utm_source=2a473b4e6ba914e775d03adebf39f7eb,wiki,http://marvel.com/universe/Abomination?utm_campaign=apiRef&utm_source=2a473b4e6ba914e775d03adebf39f7eb,comiclink,http://marvel.com/comics/characters/1009146/abomination_emil_blonsky?utm_campaign=apiRef&utm_source=2a473b4e6ba914e775d03adebf39f7eb,http://gateway.marvel.com/v1/public/comics/14428,Hulk (1999) #28,http://gateway.marvel.com/v1/public/comics/14450,Hulk (1999) #50,http://gateway.marvel.com/v1/public/comics/14451,Hulk (1999) #51,http://gateway.marvel.com/v1/public/comics/14453,Hulk (1999) #53,http://gateway.marvel.com/v1/public/comics/14454,Hulk (1999) #54,http://gateway.marvel.com/v1/public/comics/8948,Incredible Hulk (1962) #137,http://gateway.marvel.com/v1/public/comics/8982,Incredible Hulk (1962) #171,http://gateway.marvel.com/v1/public/comics/9005,Incredible Hulk (1962) #194,http://gateway.marvel.com/v1/public/series/378,Earth X (1999 - 2000),http://gateway.marvel.com/v1/public/series/1806,EARTH X TPB [NEW PRINTING] (2006),http://gateway.marvel.com/v1/public/series/3374,Hulk (2008 - 2012),http://gateway.marvel.com/v1/public/series/465,Hulk (1999 - 2008),http://gateway.marvel.com/v1/public/series/924,Hulk: Destruction (2005),http://gateway.marvel.com/v1/public/series/2021,Incredible Hulk (1962 - 1999),http://gateway.marvel.com/v1/public/series/2983,Incredible Hulk Annual (1976 - 1994),http://gateway.marvel.com/v1/public/series/22424,Incredible Hulk Epic Collection: The Hulk Must Die (2017),http://gateway.marvel.com/v1/public/series/212,Incredible Hulk Vol. 4: Abominable (2003),http://gateway.marvel.com/v1/public/series/244,Incredible Hulk Vol. IV: Abominable (2003),http://gateway.marvel.com/v1/public/series/8842,Incredible Hulks (2010 - 2011),http://gateway.marvel.com/v1/public/series/2572,Iron Man (1998 - 2004),http://gateway.marvel.com/v1/public/series/977,Irredeemable Ant-Man (2006 - 2007),http://gateway.marvel.com/v1/public/series/2423,IRREDEEMABLE ANT-MAN VOL. 1: LOW-LIFE DIGEST (2007),http://gateway.marvel.com/v1/public/series/3722,Killraven (2002 - 2003),http://gateway.marvel.com/v1/public/series/2437,KILLRAVEN PREMIERE HC (2007),http://gateway.marvel.com/v1/public/series/32108,Maestro: World War M (2022),,,,,,,,,,,,,,
1016823,Abomination (Ultimate),,2012-07-10T19:11:52-0400,http://i.annihil.us/u/prod/marvel/i/mg/b/40/image_not_available,jpg,http://gateway.marvel.com/v1/public/characters/1016823,2,http://gateway.marvel.com/v1/public/characters/1016823/comics,http://gateway.marvel.com/v1/public/comics/40638,Hulk (2008) #50,http://gateway.marvel.com/v1/public/comics/15717,Ultimate X-Men (2001) #26,,,,,,,,,,,,,,,,,,,,,2,2,http://gateway.marvel.com/v1/public/characters/1016823/series,http://gateway.marvel.com/v1/public/series/3374,Hulk (2008 - 2012),http://gateway.marvel.com/v1/public/series/474,Ultimate X-Men (2001 - 2009),,,2,3,http://gateway.marvel.com/v1/public/characters/1016823/stories,http://gateway.marvel.com/v1/public/stories/31883,Free Preview of THE INCREDIBLE HULK #50,interiorStory,http://gateway.marvel.com/v1/public/stories/92098,Hulk (2008) #50,cover,http://gateway.marvel.com/v1/public/stories/92099,Interior #92099,interiorStory,,,,,,,,,,,,,,,,,,,,,,,,,,,,,,,,,,,,,,,,,,,,,,,,,,,,3,0,http://gateway.marvel.com/v1/public/characters/1016823/events,,,0,detail,http://marvel.com/characters/81/abomination?utm_campaign=apiRef&utm_source=2a473b4e6ba914e775d03adebf39f7eb,comiclink,http://marvel.com/comics/characters/1016823/abomination_ultimate?utm_campaign=apiRef&utm_source=2a473b4e6ba914e775d03adebf39f7eb,,,,,,,,,,,,,,,,,,,,,,,,,,,,,,,,,,,,,,,,,,,,,,,,,,,,,,,,,,,,,,,,,,
1009148,Absorbing Man,,2013-10-24T14:32:08-0400,http://i.annihil.us/u/prod/marvel/i/mg/1/b0/5269678709fb7,jpg,http://gateway.marvel.com/v1/public/characters/1009148,104,http://gateway.marvel.com/v1/public/characters/1009148/comics,http://gateway.marvel.com/v1/public/comics/43507,A+X (2012) #8,http://gateway.marvel.com/v1/public/comics/7045,Avengers (1963) #183,http://gateway.marvel.com/v1/public/comics/7046,Avengers (1963) #184,http://gateway.marvel.com/v1/public/comics/7142,Avengers (1963) #270,http://gateway.marvel.com/v1/public/comics/36481,Avengers Academy (2010) #16,http://gateway.marvel.com/v1/public/comics/36480,Avengers Academy (2010) #17,http://gateway.marvel.com/v1/public/comics/36479,Avengers Academy (2010) #18,http://gateway.marvel.com/v1/public/comics/36484,Avengers Academy (2010) #19,http://gateway.marvel.com/v1/public/comics/17776,Avengers Annual (1967) #20,http://gateway.marvel.com/v1/public/comics/63662,Black Bolt (2017) #3,http://gateway.marvel.com/v1/public/comics/64278,Black Bolt (2017) #4,http://gateway.marvel.com/v1/public/comics/66533,Black Bolt (2017) #11,20,53,http://gateway.marvel.com/v1/public/characters/1009148/series,http://gateway.marvel.com/v1/public/series/16450,A+X (2012 - 2014),http://gateway.marvel.com/v1/public/series/1991,Avengers (1963 - 1996),http://gateway.marvel.com/v1/public/series/9086,Avengers Academy (2010 - 2012),20,116,http://gateway.marvel.com/v1/public/characters/1009148/stories,http://gateway.marvel.com/v1/public/stories/4988,1 of 1,cover,http://gateway.marvel.com/v1/public/stories/7866,Punisher War Journal (2006) #4,cover,http://gateway.marvel.com/v1/public/stories/10997,Journey Into Mystery (1952) #114,cover,http://gateway.marvel.com/v1/public/stories/10998,"The Stronger I Am, the Sooner I Die",interiorStory,http://gateway.marvel.com/v1/public/stories/11000,Journey Into Mystery (1952) #115,cover,http://gateway.marvel.com/v1/public/stories/11001,The Vengeance of the Thunder God,interiorStory,http://gateway.marvel.com/v1/public/stories/11022,Journey Into Mystery (1952) #120,cover,http://gateway.marvel.com/v1/public/stories/11023,With My Hammer In Hand,interiorStory,http://gateway.marvel.com/v1/public/stories/11025,Journey Into Mystery (1952) #121,cover,http://gateway.marvel.com/v1/public/stories/11026,The Power!  The Passion!  The Pride!,interiorStory,http://gateway.marvel.com/v1/public/stories/11028,Journey Into Mystery (1952) #122,cover,http://gateway.marvel.com/v1/public/stories/11029,Where Mortals Fear To Tread!,interiorStory,http://gateway.marvel.com/v1/public/stories/11031,Journey Into Mystery (1952) #123,cover,http://gateway.marvel.com/v1/public/stories/11032,While a Universe Trembles,interiorStory,http://gateway.marvel.com/v1/public/stories/12951,Fantastic Four (1961) #330,cover,http://gateway.marvel.com/v1/public/stories/12952,Good Dreams!,interiorStory,http://gateway.marvel.com/v1/public/stories/13957,"""...With Foes Like These...!""",cover,http://gateway.marvel.com/v1/public/stories/14628,Avengers (1963) #183,cover,http://gateway.marvel.com/v1/public/stories/14630,Avengers (1963) #184,cover,http://gateway.marvel.com/v1/public/stories/14823,Avengers (1963) #270,cover,20,5,http://gateway.marvel.com/v1/public/characters/1009148/events,http://gateway.marvel.com/v1/public/events/116,Acts of Vengeance!,5,detail,http://marvel.com/characters/84/absorbing_man?utm_campaign=apiRef&utm_source=2a473b4e6ba914e775d03adebf39f7eb,wiki,http://marvel.com/universe/Absorbing_Man?utm_campaign=apiRef&utm_source=2a473b4e6ba914e775d03adebf39f7eb,comiclink,http://marvel.com/comics/characters/1009148/absorbing_man?utm_campaign=apiRef&utm_source=2a473b4e6ba914e775d03adebf39f7eb,http://gateway.marvel.com/v1/public/comics/65327,Black Bolt Vol. 1: Hard Time (Trade Paperback),http://gateway.marvel.com/v1/public/comics/12783,Captain America (1998) #24,http://gateway.marvel.com/v1/public/comics/20427,Dazzler (1981) #18,http://gateway.marvel.com/v1/public/comics/20428,Dazzler (1981) #19,http://gateway.marvel.com/v1/public/comics/8499,Deadpool (1997) #43,http://gateway.marvel.com/v1/public/comics/15541,Fantastic Four (1998) #22,http://gateway.marvel.com/v1/public/comics/13151,Fantastic Four (1961) #330,http://gateway.marvel.com/v1/public/comics/41433,Fear Itself (2010) #2 (3rd Printing Variant),http://gateway.marvel.com/v1/public/series/1988,Avengers Annual (1967 - 1994),http://gateway.marvel.com/v1/public/series/23121,Black Bolt (2017 - 2018),http://gateway.marvel.com/v1/public/series/23778,Black Bolt Vol. 1: Hard Time (2017),http://gateway.marvel.com/v1/public/series/1997,Captain America (1998 - 2002),http://gateway.marvel.com/v1/public/series/3745,Dazzler (1981 - 1986),http://gateway.marvel.com/v1/public/series/2005,Deadpool (1997 - 2002),http://gateway.marvel.com/v1/public/series/2121,Fantastic Four (1961 - 1998),http://gateway.marvel.com/v1/public/series/421,Fantastic Four (1998 - 2012),http://gateway.marvel.com/v1/public/series/13691,Fear Itself (2010 - 2011),http://gateway.marvel.com/v1/public/series/13857,Fear Itself: Fellowship of Fear (2011),http://gateway.marvel.com/v1/public/series/13827,Fear Itself: The Worthy (2011),http://gateway.marvel.com/v1/public/series/31372,Gamma Flight (2021),http://gateway.marvel.com/v1/public/series/20084,Heroes for Hire (1997 - 1999),http://gateway.marvel.com/v1/public/series/465,Hulk (1999 - 2008),http://gateway.marvel.com/v1/public/series/20552,Illuminati (2015 - 2016),http://gateway.marvel.com/v1/public/series/24278,Immortal Hulk (2018 - 2021),http://gateway.marvel.com/v1/public/series/24891,Immortal Hulk Vol. 2: The Green Door (2019),http://gateway.marvel.com/v1/public/events/238,Civil War,http://gateway.marvel.com/v1/public/events/302,Fear Itself,http://gateway.marvel.com/v1/public/events/270,Secret Wars,http://gateway.marvel.com/v1/public/events/273,Siege,,,,,,
1009149,Abyss,,2014-04-29T14:10:43-0400,http://i.annihil.us/u/prod/marvel/i/mg/9/30/535feab462a64,jpg,http://gateway.marvel.com/v1/public/characters/1009149,8,http://gateway.marvel.com/v1/public/characters/1009149/comics,http://gateway.marvel.com/v1/public/comics/13943,Uncanny X-Men (1981) #402,http://gateway.marvel.com/v1/public/comics/13945,Uncanny X-Men (1981) #404,http://gateway.marvel.com/v1/public/comics/13946,Uncanny X-Men (1981) #405,http://gateway.marvel.com/v1/public/comics/13947,Uncanny X-Men (1981) #406,http://gateway.marvel.com/v1/public/comics/13970,Uncanny X-Men (1981) #429,http://gateway.marvel.com/v1/public/comics/13972,Uncanny X-Men (1981) #431,http://gateway.marvel.com/v1/public/comics/12386,X-Men: Alpha (1995) #1,http://gateway.marvel.com/v1/public/comics/2539,X-MEN: THE COMPLETE AGE OF APOCALYPSE EPIC (Trade Paperback),,,,,,,,,8,3,http://gateway.marvel.com/v1/public/characters/1009149/series,http://gateway.marvel.com/v1/public/series/2258,Uncanny X-Men (1981 - 2011),http://gateway.marvel.com/v1/public/series/2104,X-Men: Alpha (1995),http://gateway.marvel.com/v1/public/series/1583,X-MEN: THE COMPLETE AGE OF APOCALYPSE EPIC (2005),3,8,http://gateway.marvel.com/v1/public/characters/1009149/stories,http://gateway.marvel.com/v1/public/stories/26281,A Beginning,interiorStory,http://gateway.marvel.com/v1/public/stories/28352,Utility of Myth,interiorStory,http://gateway.marvel.com/v1/public/stories/28356,Army Ants,interiorStory,http://gateway.marvel.com/v1/public/stories/28358,Ballroom Blitzkrieg,interiorStory,http://gateway.marvel.com/v1/public/stories/28360,Staring Contests are for Suckers,interiorStory,http://gateway.marvel.com/v1/public/stories/28407,The Draco Part One: Sins of the Father,interiorStory,http://gateway.marvel.com/v1/public/stories/28411,The Draco Part Three,interiorStory,http://gateway.marvel.com/v1/public/stories/28413,The Draco Part Four,interiorStory,,,,,,,,,,,,,,,,,,,,,,,,,,,,,,,,,,,,,8,1,http://gateway.marvel.com/v1/public/characters/1009149/events,http://gateway.marvel.com/v1/public/events/227,Age of Apocalypse,1,detail,http://marvel.com/characters/85/abyss?utm_campaign=apiRef&utm_source=2a473b4e6ba914e775d03adebf39f7eb,wiki,http://marvel.com/universe/Abyss_(alien)?utm_campaign=apiRef&utm_source=2a473b4e6ba914e775d03adebf39f7eb,comiclink,http://marvel.com/comics/characters/1009149/abyss?utm_campaign=apiRef&utm_source=2a473b4e6ba914e775d03adebf39f7eb,,,,,,,,,,,,,,,,,,,,,,,,,,,,,,,,,,,,,,,,,,,,,,,,,,,,,,,,,,,,,,,,
1010903,Abyss (Age of Apocalypse),,1969-12-31T19:00:00-0500,http://i.annihil.us/u/prod/marvel/i/mg/3/80/4c00358ec7548,jpg,http://gateway.marvel.com/v1/public/characters/1010903,3,http://gateway.marvel.com/v1/public/characters/1010903/comics,http://gateway.marvel.com/v1/public/comics/18099,Weapon X (1995) #1,http://gateway.marvel.com/v1/public/comics/12386,X-Men: Alpha (1995) #1,http://gateway.marvel.com/v1/public/comics/2539,X-MEN: THE COMPLETE AGE OF APOCALYPSE EPIC (Trade Paperback),,,,,,,,,,,,,,,,,,,3,3,http://gateway.marvel.com/v1/public/characters/1010903/series,http://gateway.marvel.com/v1/public/series/3635,Weapon X (1995),http://gateway.marvel.com/v1/public/series/2104,X-Men: Alpha (1995),http://gateway.marvel.com/v1/public/series/1583,X-MEN: THE COMPLETE AGE OF APOCALYPSE EPIC (2005),3,2,http://gateway.marvel.com/v1/public/characters/1010903/stories,http://gateway.marvel.com/v1/public/stories/26280,X-Men: Alpha (1994) #1,cover,http://gateway.marvel.com/v1/public/stories/38448,X-Facts,,,,,,,,,,,,,,,,,,,,,,,,,,,,,,,,,,,,,,,,,,,,,,,,,,,,,,,,2,1,http://gateway.marvel.com/v1/public/characters/1010903/events,http://gateway.marvel.com/v1/public/events/227,Age of Apocalypse,1,detail,http://marvel.com/characters/85/abyss?utm_campaign=apiRef&utm_source=2a473b4e6ba914e775d03adebf39f7eb,wiki,http://marvel.com/universe/Abyss_(Age_of_Apocalypse)?utm_campaign=apiRef&utm_source=2a473b4e6ba914e775d03adebf39f7eb,comiclink,http://marvel.com/comics/characters/1010903/abyss_age_of_apocalypse?utm_campaign=apiRef&utm_source=2a473b4e6ba914e775d03adebf39f7eb,,,,,,,,,,,,,,,,,,,,,,,,,,,,,,,,,,,,,,,,,,,,,,,,,,,,,,,,,,,,,,,,
1011266,Adam Destine,,1969-12-31T19:00:00-0500,http://i.annihil.us/u/prod/marvel/i/mg/b/40/image_not_available,jpg,http://gateway.marvel.com/v1/public/characters/1011266,0,http://gateway.marvel.com/v1/public/characters/1011266/comics,,,,,,,,,,,,,,,,,,,,,,,,,0,0,http://gateway.marvel.com/v1/public/characters/1011266/series,,,,,,,0,0,http://gateway.marvel.com/v1/public/characters/1011266/stories,,,,,,,,,,,,,,,,,,,,,,,,,,,,,,,,,,,,,,,,,,,,,,,,,,,,,,,,,,,,,0,0,http://gateway.marvel.com/v1/public/characters/1011266/events,,,0,detail,http://marvel.com/characters/2902/adam_destine?utm_campaign=apiRef&utm_source=2a473b4e6ba914e775d03adebf39f7eb,wiki,"http://marvel.com/universe/Destine,_Adam?utm_campaign=apiRef&utm_source=2a473b4e6ba914e775d03adebf39f7eb",comiclink,http://marvel.com/comics/characters/1011266/adam_destine?utm_campaign=apiRef&utm_source=2a473b4e6ba914e775d03adebf39f7eb,,,,,,,,,,,,,,,,,,,,,,,,,,,,,,,,,,,,,,,,,,,,,,,,,,,,,,,,,,,,,,,,
1010354,Adam Warlock,Adam Warlock is an artificially created human who was born in a cocoon at a scientific complex called The Beehive.,2013-08-07T13:49:06-0400,http://i.annihil.us/u/prod/marvel/i/mg/a/f0/5202887448860,jpg,http://gateway.marvel.com/v1/public/characters/1010354,202,http://gateway.marvel.com/v1/public/characters/1010354/comics,http://gateway.marvel.com/v1/public/comics/105140,Adam Warlock Omnibus (Trade Paperback),http://gateway.marvel.com/v1/public/comics/105920,Adam Warlock: Strange Tales Facsimile Edition (2023) #178,http://gateway.marvel.com/v1/public/comics/62151,All-New Guardians of the Galaxy Vol. 3: Infinity Quest (Trade Paperback),http://gateway.marvel.com/v1/public/comics/17271,Annihilation: Conquest (2007) #1,http://gateway.marvel.com/v1/public/comics/17405,Annihilation: Conquest (2007) #2,http://gateway.marvel.com/v1/public/comics/17645,Annihilation: Conquest (2007) #3,http://gateway.marvel.com/v1/public/comics/20686,Annihilation: Conquest (2007) #4,http://gateway.marvel.com/v1/public/comics/20885,Annihilation: Conquest (2007) #5,http://gateway.marvel.com/v1/public/comics/21016,Annihilation: Conquest (2007) #6,http://gateway.marvel.com/v1/public/comics/12412,Avengers Forever (1998) #9,http://gateway.marvel.com/v1/public/comics/1033,AVENGERS LEGENDS: AVENGERS FOREVER (Trade Paperback),http://gateway.marvel.com/v1/public/comics/20731,CLANDESTINE CLASSIC PREMIERE HC (Trade Paperback),20,89,http://gateway.marvel.com/v1/public/characters/1010354/series,http://gateway.marvel.com/v1/public/series/36369,Adam Warlock Omnibus (2023),http://gateway.marvel.com/v1/public/series/36621,Adam Warlock: Strange Tales Facsimile Edition (2023),http://gateway.marvel.com/v1/public/series/23058,All-New Guardians of the Galaxy (2017),20,231,http://gateway.marvel.com/v1/public/characters/1010354/stories,http://gateway.marvel.com/v1/public/stories/1412,Cover #1412,cover,http://gateway.marvel.com/v1/public/stories/1602,Cover #1602,cover,http://gateway.marvel.com/v1/public/stories/1800,Cover #1800,cover,http://gateway.marvel.com/v1/public/stories/1842,Cover #1842,cover,http://gateway.marvel.com/v1/public/stories/3758,WARLOCK (2004) #3,cover,http://gateway.marvel.com/v1/public/stories/3760,WARLOCK (2004) #1,cover,http://gateway.marvel.com/v1/public/stories/3762,WARLOCK (2004) #2,cover,http://gateway.marvel.com/v1/public/stories/3764,WARLOCK (2004) #4,cover,http://gateway.marvel.com/v1/public/stories/12568,Fantastic Four (1961) #172,cover,http://gateway.marvel.com/v1/public/stories/12569,"Cry, the Bedeviled Planet!",interiorStory,http://gateway.marvel.com/v1/public/stories/13121,Forever Evil,interiorStory,http://gateway.marvel.com/v1/public/stories/18500,Incredible Hulk (1962) #177,cover,http://gateway.marvel.com/v1/public/stories/18501,Peril of the Paired Planets,,http://gateway.marvel.com/v1/public/stories/18503,Triumph On Terra-Two,,http://gateway.marvel.com/v1/public/stories/19847,Cover #19847,cover,http://gateway.marvel.com/v1/public/stories/19848,Performance,interiorStory,http://gateway.marvel.com/v1/public/stories/19859,Days of Future Present Part 4,cover,http://gateway.marvel.com/v1/public/stories/19860,You Must Remember This,interiorStory,http://gateway.marvel.com/v1/public/stories/19883,"The Adventures of Lockheed the Space Dragon and His Pet Girl, Kitty",interiorStory,http://gateway.marvel.com/v1/public/stories/19884,The Saga of Storm: Goddess of Thunder,cover,20,8,http://gateway.marvel.com/v1/public/characters/1010354/events,http://gateway.marvel.com/v1/public/events/293,Annihilation: Conquest,8,detail,http://marvel.com/characters/2854/adam_warlock?utm_campaign=apiRef&utm_source=2a473b4e6ba914e775d03adebf39f7eb,wiki,"http://marvel.com/universe/Warlock,_Adam?utm_campaign=apiRef&utm_source=2a473b4e6ba914e775d03adebf39f7eb",comiclink,http://marvel.com/comics/characters/1010354/adam_warlock?utm_campaign=apiRef&utm_source=2a473b4e6ba914e775d03adebf39f7eb,http://gateway.marvel.com/v1/public/comics/20187,"Doctor Strange, Sorcerer Supreme (1988) #27",http://gateway.marvel.com/v1/public/comics/20193,"Doctor Strange, Sorcerer Supreme (1988) #32",http://gateway.marvel.com/v1/public/comics/20197,"Doctor Strange, Sorcerer Supreme (1988) #36",http://gateway.marvel.com/v1/public/comics/8552,Earth X (1999) #2,http://gateway.marvel.com/v1/public/comics/8550,Earth X (1999) #11,http://gateway.marvel.com/v1/public/comics/4241,EARTH X TPB [NEW PRINTING] (Trade Paperback),http://gateway.marvel.com/v1/public/comics/12975,Fantastic Four (1961) #172,http://gateway.marvel.com/v1/public/comics/13195,Fantastic Four (1961) #370,http://gateway.marvel.com/v1/public/series/22778,All-New Guardians of the Galaxy Vol. 3: Infinity Quest (2018),http://gateway.marvel.com/v1/public/series/3061,Annihilation: Conquest (2007),http://gateway.marvel.com/v1/public/series/2111,Avengers Forever (1998 - 1999),http://gateway.marvel.com/v1/public/series/93,AVENGERS LEGENDS: AVENGERS FOREVER (2002),http://gateway.marvel.com/v1/public/series/3874,CLANDESTINE CLASSIC PREMIERE HC (2008),http://gateway.marvel.com/v1/public/series/3741,"Doctor Strange, Sorcerer Supreme (1988 - 1996)",http://gateway.marvel.com/v1/public/series/378,Earth X (1999 - 2000),http://gateway.marvel.com/v1/public/series/1806,EARTH X TPB [NEW PRINTING] (2006),http://gateway.marvel.com/v1/public/series/2121,Fantastic Four (1961 - 1998),http://gateway.marvel.com/v1/public/series/4885,Guardians of the Galaxy (2008 - 2010),http://gateway.marvel.com/v1/public/series/27554,Guardians Of The Galaxy Annual (2019),http://gateway.marvel.com/v1/public/series/26496,Guardians Of The Galaxy Vol. 2: Faithless (2020),http://gateway.marvel.com/v1/public/series/22422,GUARDIANS OF THE GALAXY: ROAD TO ANNIHILATION VOL. 2 TPB (2017),http://gateway.marvel.com/v1/public/series/37451,Guardians of the Galaxy: Somebody's Got to Do It Infinity Comic (2023),http://gateway.marvel.com/v1/public/series/2021,Incredible Hulk (1962 - 1999),http://gateway.marvel.com/v1/public/series/2983,Incredible Hulk Annual (1976 - 1994),http://gateway.marvel.com/v1/public/series/26307,Infinity By Starlin & Hickman (2019),http://gateway.marvel.com/v1/public/events/233,Atlantis Attacks,http://gateway.marvel.com/v1/public/events/235,Blood and Thunder,http://gateway.marvel.com/v1/public/events/240,Days of Future Present,http://gateway.marvel.com/v1/public/events/29,Infinity War,http://gateway.marvel.com/v1/public/events/263,Mutant Massacre,http://gateway.marvel.com/v1/public/events/271,Secret Wars II,http://gateway.marvel.com/v1/public/events/280,X-Tinction Agenda
1010846,Aegis (Trey Rollins),,1969-12-31T19:00:00-0500,http://i.annihil.us/u/prod/marvel/i/mg/5/e0/4c0035c9c425d,gif,http://gateway.marvel.com/v1/public/characters/1010846,0,http://gateway.marvel.com/v1/public/characters/1010846/comics,,,,,,,,,,,,,,,,,,,,,,,,,0,0,http://gateway.marvel.com/v1/public/characters/1010846/series,,,,,,,0,0,http://gateway.marvel.com/v1/public/characters/1010846/stories,,,,,,,,,,,,,,,,,,,,,,,,,,,,,,,,,,,,,,,,,,,,,,,,,,,,,,,,,,,,,0,0,http://gateway.marvel.com/v1/public/characters/1010846/events,,,0,detail,http://marvel.com/characters/95/aegis?utm_campaign=apiRef&utm_source=2a473b4e6ba914e775d03adebf39f7eb,wiki,http://marvel.com/universe/Aegis_%28Trey_Rollins%29?utm_campaign=apiRef&utm_source=2a473b4e6ba914e775d03adebf39f7eb,comiclink,http://marvel.com/comics/characters/1010846/aegis_trey_rollins?utm_campaign=apiRef&utm_source=2a473b4e6ba914e775d03adebf39f7eb,,,,,,,,,,,,,,,,,,,,,,,,,,,,,,,,,,,,,,,,,,,,,,,,,,,,,,,,,,,,,,,,
1017851,Aero (Aero),,2021-08-27T17:52:34-0400,http://i.annihil.us/u/prod/marvel/i/mg/b/40/image_not_available,jpg,http://gateway.marvel.com/v1/public/characters/1017851,29,http://gateway.marvel.com/v1/public/characters/1017851/comics,http://gateway.marvel.com/v1/public/comics/76349,Aero (2019) #1,http://gateway.marvel.com/v1/public/comics/76350,Aero (2019) #2,http://gateway.marvel.com/v1/public/comics/76351,Aero (2019) #3,http://gateway.marvel.com/v1/public/comics/76352,Aero (2019) #4,http://gateway.marvel.com/v1/public/comics/76353,Aero (2019) #5,http://gateway.marvel.com/v1/public/comics/76354,Aero (2019) #6,http://gateway.marvel.com/v1/public/comics/76355,Aero (2019) #7,http://gateway.marvel.com/v1/public/comics/76356,Aero (2019) #8,http://gateway.marvel.com/v1/public/comics/76357,Aero (2019) #9,http://gateway.marvel.com/v1/public/comics/76358,Aero (2019) #10,http://gateway.marvel.com/v1/public/comics/76359,Aero (2019) #11,http://gateway.marvel.com/v1/public/comics/76360,Aero (2019) #12,20,5,http://gateway.marvel.com/v1/public/characters/1017851/series,http://gateway.marvel.com/v1/public/series/27392,Aero (2019 - 2020),http://gateway.marvel.com/v1/public/series/27624,Agents of Atlas (2019),http://gateway.marvel.com/v1/public/series/29600,Atlantis Attacks (2020),5,29,http://gateway.marvel.com/v1/public/characters/1017851/stories,http://gateway.marvel.com/v1/public/stories/169570,cover from Aero (2019) #1,cover,http://gateway.marvel.com/v1/public/stories/169572,cover from Aero (2019) #2,cover,http://gateway.marvel.com/v1/public/stories/169574,cover from Aero (2019) #3,cover,http://gateway.marvel.com/v1/public/stories/169576,cover from Aero (2019) #4,cover,http://gateway.marvel.com/v1/public/stories/169578,cover from Aero (2019) #5,cover,http://gateway.marvel.com/v1/public/stories/169580,cover from Aero (2019) #6,cover,http://gateway.marvel.com/v1/public/stories/169582,cover from Aero (2019) #7,cover,http://gateway.marvel.com/v1/public/stories/169584,cover from Aero (2019) #8,cover,http://gateway.marvel.com/v1/public/stories/169586,cover from Aero (2019) #9,cover,http://gateway.marvel.com/v1/public/stories/169588,cover from Aero (2019) #10,cover,http://gateway.marvel.com/v1/public/stories/169590,cover from Aero (2019) #11,cover,http://gateway.marvel.com/v1/public/stories/169592,cover from Aero (2019) #12,cover,http://gateway.marvel.com/v1/public/stories/170874,cover from New Agents of Atlas (2019) #1,cover,http://gateway.marvel.com/v1/public/stories/170878,cover from New Agents of Atlas (2019) #3,cover,http://gateway.marvel.com/v1/public/stories/170882,cover from New Agents of Atlas (2019) #5,cover,http://gateway.marvel.com/v1/public/stories/178282,cover from The Marvels (2029) #2,cover,http://gateway.marvel.com/v1/public/stories/178288,cover from The Marvels (2029) #4,cover,http://gateway.marvel.com/v1/public/stories/178290,cover from The Marvels (2029) #5,cover,http://gateway.marvel.com/v1/public/stories/178294,cover from The Marvels (2029) #7,cover,http://gateway.marvel.com/v1/public/stories/178296,cover from The Marvels (2029) #8,cover,20,0,http://gateway.marvel.com/v1/public/characters/1017851/events,,,0,detail,http://marvel.com/comics/characters/1017851/aero_aero?utm_campaign=apiRef&utm_source=2a473b4e6ba914e775d03adebf39f7eb,comiclink,http://marvel.com/comics/characters/1017851/aero_aero?utm_campaign=apiRef&utm_source=2a473b4e6ba914e775d03adebf39f7eb,,,http://gateway.marvel.com/v1/public/comics/77001,Agents of Atlas (2019) #1,http://gateway.marvel.com/v1/public/comics/77003,Agents of Atlas (2019) #3,http://gateway.marvel.com/v1/public/comics/77005,Agents of Atlas (2019) #5,http://gateway.marvel.com/v1/public/comics/83989,Atlantis Attacks (2020) #1,http://gateway.marvel.com/v1/public/comics/83993,Atlantis Attacks (2020) #2,http://gateway.marvel.com/v1/public/comics/83994,Atlantis Attacks (2020) #3,http://gateway.marvel.com/v1/public/comics/83995,Atlantis Attacks (2020) #4,http://gateway.marvel.com/v1/public/comics/83996,Atlantis Attacks (2020) #5,http://gateway.marvel.com/v1/public/series/31376,King In Black: Black Knight (2021),http://gateway.marvel.com/v1/public/series/28381,The Marvels (2021 - 2022),,,,,,,,,,,,,,,,,,,,,,,,,,,,,,,,,,,,,,,,,,,,
1012717,Agatha Harkness,,2021-08-06T11:30:56-0400,http://i.annihil.us/u/prod/marvel/i/mg/c/a0/4ce5a9bf70e19,jpg,http://gateway.marvel.com/v1/public/characters/1012717,24,http://gateway.marvel.com/v1/public/characters/1012717/comics,http://gateway.marvel.com/v1/public/comics/17751,Avengers (1996) #1,http://gateway.marvel.com/v1/public/comics/17756,Avengers (1996) #2,http://gateway.marvel.com/v1/public/comics/17757,Avengers (1996) #3,http://gateway.marvel.com/v1/public/comics/17758,Avengers (1996) #4,http://gateway.marvel.com/v1/public/comics/17762,Avengers (1996) #8,http://gateway.marvel.com/v1/public/comics/110269,Avengers Annual (2023) #1,http://gateway.marvel.com/v1/public/comics/21358,Avengers Fairy Tales (2008) #4,http://gateway.marvel.com/v1/public/comics/77235,Captain America (2018) #19,http://gateway.marvel.com/v1/public/comics/95785,Captain Marvel (2019) #39,http://gateway.marvel.com/v1/public/comics/95788,Captain Marvel (2019) #42,http://gateway.marvel.com/v1/public/comics/13304,Fantastic Four (1961) #94,http://gateway.marvel.com/v1/public/comics/101173,Midnight Suns (2022) #5,20,13,http://gateway.marvel.com/v1/public/characters/1012717/series,http://gateway.marvel.com/v1/public/series/3621,Avengers (1996 - 1997),http://gateway.marvel.com/v1/public/series/38734,Avengers Annual (2023),http://gateway.marvel.com/v1/public/series/3971,Avengers Fairy Tales (2008),13,29,http://gateway.marvel.com/v1/public/characters/1012717/stories,http://gateway.marvel.com/v1/public/stories/13503,The Return of the Frightful Four,interiorStory,http://gateway.marvel.com/v1/public/stories/37673,Avengers (1996) #1,cover,http://gateway.marvel.com/v1/public/stories/37688,Avengers (1996) #2,cover,http://gateway.marvel.com/v1/public/stories/37690,Avengers (1996) #3,cover,http://gateway.marvel.com/v1/public/stories/37693,Avengers (1996) #4,cover,http://gateway.marvel.com/v1/public/stories/37701,Avengers (1996) #8,cover,http://gateway.marvel.com/v1/public/stories/39320,VISION AND THE SCARLET WITCH (1985) #12,cover,http://gateway.marvel.com/v1/public/stories/39325,Ancestors,interiorStory,http://gateway.marvel.com/v1/public/stories/46790,Ultimate Fantastic Four (2003) #54,cover,http://gateway.marvel.com/v1/public/stories/46791,Namor War 1 of 4,interiorStory,http://gateway.marvel.com/v1/public/stories/47112,Ultimate Fantastic Four (2003) #55,cover,http://gateway.marvel.com/v1/public/stories/47113,Namor War 2 of 4,interiorStory,http://gateway.marvel.com/v1/public/stories/47169,Avengers Fairy Tales (2008) #4,cover,http://gateway.marvel.com/v1/public/stories/47170,The Wizard of Oz,interiorStory,http://gateway.marvel.com/v1/public/stories/47425,Ultimate Fantastic Four (2003) #56,cover,http://gateway.marvel.com/v1/public/stories/47426,3 of 4 - Salem Seven,interiorStory,http://gateway.marvel.com/v1/public/stories/125005,cover from Scarlet Witch (2016) #1,cover,http://gateway.marvel.com/v1/public/stories/130587,cover from Scarlet Witch (2015) #13,cover,http://gateway.marvel.com/v1/public/stories/135317,interior to Scarlet Witch (1994) #1,interiorStory,http://gateway.marvel.com/v1/public/stories/135321,interior to Scarlet Witch (1994) #3,interiorStory,20,0,http://gateway.marvel.com/v1/public/characters/1012717/events,,,0,detail,http://marvel.com/comics/characters/1012717/agatha_harkness?utm_campaign=apiRef&utm_source=2a473b4e6ba914e775d03adebf39f7eb,wiki,http://marvel.com/universe/Agatha%20Harkness?utm_campaign=apiRef&utm_source=2a473b4e6ba914e775d03adebf39f7eb,comiclink,http://marvel.com/comics/characters/1012717/agatha_harkness?utm_campaign=apiRef&utm_source=2a473b4e6ba914e775d03adebf39f7eb,http://gateway.marvel.com/v1/public/comics/54974,Scarlet Witch (1994) #1,http://gateway.marvel.com/v1/public/comics/57094,Scarlet Witch (2015) #1,http://gateway.marvel.com/v1/public/comics/54977,Scarlet Witch (1994) #3,http://gateway.marvel.com/v1/public/comics/54978,Scarlet Witch (1994) #4,http://gateway.marvel.com/v1/public/comics/60028,Scarlet Witch (2015) #13,http://gateway.marvel.com/v1/public/comics/110287,Spider-Man Annual (2023) #1,http://gateway.marvel.com/v1/public/comics/114846,Strange Academy: Blood Hunt (2024) #3,http://gateway.marvel.com/v1/public/comics/21182,Ultimate Fantastic Four (2003) #54,http://gateway.marvel.com/v1/public/series/24503,Captain America (2018 - 2022),http://gateway.marvel.com/v1/public/series/26673,Captain Marvel (2019 - 2023),http://gateway.marvel.com/v1/public/series/2121,Fantastic Four (1961 - 1998),http://gateway.marvel.com/v1/public/series/34645,Midnight Suns (2022 - 2023),http://gateway.marvel.com/v1/public/series/20338,Scarlet Witch (1994),http://gateway.marvel.com/v1/public/series/20854,Scarlet Witch (2015 - 2017),http://gateway.marvel.com/v1/public/series/37695,Spider-Man Annual (2023),http://gateway.marvel.com/v1/public/series/39279,Strange Academy: Blood Hunt (2024 - Present),http://gateway.marvel.com/v1/public/series/702,Ultimate Fantastic Four (2003 - 2009),http://gateway.marvel.com/v1/public/series/3655,Vision and the Scarlet Witch (1985 - 1986),,,,,,,,,,,,,,,,,,,,,,,,,,,,
1011297,Agent Brand,,2013-10-24T13:09:30-0400,http://i.annihil.us/u/prod/marvel/i/mg/4/60/52695285d6e7e,jpg,http://gateway.marvel.com/v1/public/characters/1011297,35,http://gateway.marvel.com/v1/public/characters/1011297/comics,http://gateway.marvel.com/v1/public/comics/6120,Astonishing X-Men (2004) #21,http://gateway.marvel.com/v1/public/comics/6309,Astonishing X-Men (2004) #22,http://gateway.marvel.com/v1/public/comics/16119,Astonishing X-Men (2004) #23,http://gateway.marvel.com/v1/public/comics/17353,Astonishing X-Men (2004) #24,http://gateway.marvel.com/v1/public/comics/24503,Astonishing X-Men (2004) #32,http://gateway.marvel.com/v1/public/comics/24504,Astonishing X-Men (2004) #33,http://gateway.marvel.com/v1/public/comics/38318,Astonishing X-Men (2004) #38,http://gateway.marvel.com/v1/public/comics/38319,Astonishing X-Men (2004) #40,http://gateway.marvel.com/v1/public/comics/40024,Astonishing X-Men (2004) #40 (I Am Captain America Variant),http://gateway.marvel.com/v1/public/comics/45950,Cable and X-Force (2012) #8,http://gateway.marvel.com/v1/public/comics/112856,Dead X-Men (2024) #1,http://gateway.marvel.com/v1/public/comics/39890,Heralds (Trade Paperback),20,9,http://gateway.marvel.com/v1/public/characters/1011297/series,http://gateway.marvel.com/v1/public/series/744,Astonishing X-Men (2004 - 2013),http://gateway.marvel.com/v1/public/series/16907,Cable and X-Force (2012 - 2014),http://gateway.marvel.com/v1/public/series/38790,Dead X-Men (2024 - Present),9,39,http://gateway.marvel.com/v1/public/characters/1011297/stories,http://gateway.marvel.com/v1/public/stories/3353,Interior #3353,interiorStory,http://gateway.marvel.com/v1/public/stories/7670,ASTONISHING X-MEN (2004) #21,cover,http://gateway.marvel.com/v1/public/stories/8144,ASTONISHING X-MEN (2004) #22,cover,http://gateway.marvel.com/v1/public/stories/32919,ASTONISHING X-MEN (2004) #23,cover,http://gateway.marvel.com/v1/public/stories/36374,ASTONISHING X-MEN (2004) #24,cover,http://gateway.marvel.com/v1/public/stories/54039,ASTONISHING X-MEN (2004) #32,cover,http://gateway.marvel.com/v1/public/stories/54041,ASTONISHING X-MEN (2004) #33,cover,http://gateway.marvel.com/v1/public/stories/57763,S.W.O.R.D. (2009) #2,cover,http://gateway.marvel.com/v1/public/stories/57765,S.W.O.R.D. (2009) #3,cover,http://gateway.marvel.com/v1/public/stories/57767,S.W.O.R.D. (2009) #4,cover,http://gateway.marvel.com/v1/public/stories/69862,S.W.O.R.D. (2009) #5,cover,http://gateway.marvel.com/v1/public/stories/89830,ASTONISHING X-MEN (2004) #38,cover,http://gateway.marvel.com/v1/public/stories/89900,Astonishing X-Men (2004) #38,interiorStory,http://gateway.marvel.com/v1/public/stories/90548,Heralds TPB,cover,http://gateway.marvel.com/v1/public/stories/90819,Interior #90819,interiorStory,http://gateway.marvel.com/v1/public/stories/90853, Interior  Astonishing X-Men (2004) #40,interiorStory,http://gateway.marvel.com/v1/public/stories/90944,ASTONISHING X-MEN (2004) #40,cover,http://gateway.marvel.com/v1/public/stories/103418,Cable and X-Force (2012) #8,cover,http://gateway.marvel.com/v1/public/stories/103419,story from Cable and X-Force (2012) #8,interiorStory,http://gateway.marvel.com/v1/public/stories/109479,cover from X-Men (2013) #19,cover,20,0,http://gateway.marvel.com/v1/public/characters/1011297/events,,,0,detail,http://marvel.com/characters/100/agent_brand?utm_campaign=apiRef&utm_source=2a473b4e6ba914e775d03adebf39f7eb,wiki,http://marvel.com/universe/Agent_Brand?utm_campaign=apiRef&utm_source=2a473b4e6ba914e775d03adebf39f7eb,comiclink,http://marvel.com/comics/characters/1011297/agent_brand?utm_campaign=apiRef&utm_source=2a473b4e6ba914e775d03adebf39f7eb,http://gateway.marvel.com/v1/public/comics/90340,S.W.O.R.D. (2020) #1,http://gateway.marvel.com/v1/public/comics/90341,S.W.O.R.D. (2020) #2,http://gateway.marvel.com/v1/public/comics/26232,S.W.O.R.D. (2009) #2,http://gateway.marvel.com/v1/public/comics/90342,S.W.O.R.D. (2020) #3,http://gateway.marvel.com/v1/public/comics/26233,S.W.O.R.D. (2009) #3,http://gateway.marvel.com/v1/public/comics/90343,S.W.O.R.D. (2020) #4,http://gateway.marvel.com/v1/public/comics/26234,S.W.O.R.D. (2009) #4,http://gateway.marvel.com/v1/public/comics/30518,S.W.O.R.D. (2009) #5,http://gateway.marvel.com/v1/public/series/13065,Heralds (2010),http://gateway.marvel.com/v1/public/series/31083,S.W.O.R.D. (2020 - 2021),http://gateway.marvel.com/v1/public/series/8233,S.W.O.R.D. (2009 - 2010),http://gateway.marvel.com/v1/public/series/22551,The Mighty Captain Marvel (2017 - 2018),http://gateway.marvel.com/v1/public/series/17635,X-Men (2013 - 2015),http://gateway.marvel.com/v1/public/series/32962,X-Men Red (2022 - Present),,,,,,,,,,,,,,,,,,,,,,,,,,,,,,,,,,,,
1011031,Agent X (Nijo),"Originally a partner of the mind-altering assassin Black Swan, Nijo spied on Deadpool as part of the Swan's plan to exact revenge for Deadpool falsely taking credit for the Swan's assassination of the Four Winds crime family, which included Nijo's brother.",1969-12-31T19:00:00-0500,http://i.annihil.us/u/prod/marvel/i/mg/b/40/image_not_available,jpg,http://gateway.marvel.com/v1/public/characters/1011031,18,http://gateway.marvel.com/v1/public/characters/1011031/comics,http://gateway.marvel.com/v1/public/comics/17702,Agent X (2002) #1,http://gateway.marvel.com/v1/public/comics/17709,Agent X (2002) #2,http://gateway.marvel.com/v1/public/comics/17710,Agent X (2002) #3,http://gateway.marvel.com/v1/public/comics/17711,Agent X (2002) #4,http://gateway.marvel.com/v1/public/comics/17712,Agent X (2002) #5,http://gateway.marvel.com/v1/public/comics/17713,Agent X (2002) #6,http://gateway.marvel.com/v1/public/comics/17714,Agent X (2002) #7,http://gateway.marvel.com/v1/public/comics/17715,Agent X (2002) #8,http://gateway.marvel.com/v1/public/comics/17716,Agent X (2002) #9,http://gateway.marvel.com/v1/public/comics/17703,Agent X (2002) #10,http://gateway.marvel.com/v1/public/comics/17704,Agent X (2002) #11,http://gateway.marvel.com/v1/public/comics/17705,Agent X (2002) #12,18,3,http://gateway.marvel.com/v1/public/characters/1011031/series,http://gateway.marvel.com/v1/public/series/459,Agent X (2002 - 2004),http://gateway.marvel.com/v1/public/series/693,Cable & Deadpool (2004 - 2008),http://gateway.marvel.com/v1/public/series/1338,Cable & Deadpool Vol. 2: The Burnt Offering (2007),3,23,http://gateway.marvel.com/v1/public/characters/1011031/stories,http://gateway.marvel.com/v1/public/stories/1135,AGENT X (2002) #15,cover,http://gateway.marvel.com/v1/public/stories/2484,CABLE & DEADPOOL (2004) #12,cover,http://gateway.marvel.com/v1/public/stories/37514,AGENT X (2002) #1,cover,http://gateway.marvel.com/v1/public/stories/37515,Dead Man's Switch Part One,interiorStory,http://gateway.marvel.com/v1/public/stories/37516,AGENT X (2002) #10,cover,http://gateway.marvel.com/v1/public/stories/37518,AGENT X (2002) #11,cover,http://gateway.marvel.com/v1/public/stories/37521,AGENT X (2002) #13,cover,http://gateway.marvel.com/v1/public/stories/37523,AGENT X (2002) #14,cover,http://gateway.marvel.com/v1/public/stories/37525,AGENT X (2002) #2,cover,http://gateway.marvel.com/v1/public/stories/37526,Dead Man's Switch Part Two,interiorStory,http://gateway.marvel.com/v1/public/stories/37527,AGENT X (2002) #3,cover,http://gateway.marvel.com/v1/public/stories/37528,Dead Man's Switch Part Three,interiorStory,http://gateway.marvel.com/v1/public/stories/37529,AGENT X (2002) #4,cover,http://gateway.marvel.com/v1/public/stories/37530,Dead Man's Switch Part Four,interiorStory,http://gateway.marvel.com/v1/public/stories/37531,AGENT X (2002) #5,cover,http://gateway.marvel.com/v1/public/stories/37532,Dead Man's Switch Part Five,interiorStory,http://gateway.marvel.com/v1/public/stories/37533,AGENT X (2002) #6,cover,http://gateway.marvel.com/v1/public/stories/37534,Dead Man's Switch Part Six,interiorStory,http://gateway.marvel.com/v1/public/stories/37535,AGENT X (2002) #7,cover,http://gateway.marvel.com/v1/public/stories/67703,AGENT X (2002) #12,cover,20,0,http://gateway.marvel.com/v1/public/characters/1011031/events,,,0,detail,http://marvel.com/characters/101/agent_x?utm_campaign=apiRef&utm_source=2a473b4e6ba914e775d03adebf39f7eb,wiki,http://marvel.com/universe/Agent_X_(Nijo)?utm_campaign=apiRef&utm_source=2a473b4e6ba914e775d03adebf39f7eb,comiclink,http://marvel.com/comics/characters/1011031/agent_x_nijo?utm_campaign=apiRef&utm_source=2a473b4e6ba914e775d03adebf39f7eb,http://gateway.marvel.com/v1/public/comics/17706,Agent X (2002) #13,http://gateway.marvel.com/v1/public/comics/17707,Agent X (2002) #14,http://gateway.marvel.com/v1/public/comics/394,Agent X (2002) #15,http://gateway.marvel.com/v1/public/comics/1649,Cable & Deadpool (2004) #12,http://gateway.marvel.com/v1/public/comics/21845,Cable & Deadpool (2004) #46 (Zombie Variant),http://gateway.marvel.com/v1/public/comics/5761,Cable & Deadpool Vol. 2: The Burnt Offering (Trade Paperback),,,,,,,,,,,,,,,,,,,,,,,,,,,,,,,,,,,,,,,,,,,,,,,,,,,,
1009150,Agent Zero,,1969-12-31T19:00:00-0500,http://i.annihil.us/u/prod/marvel/i/mg/f/60/4c0042121d790,jpg,http://gateway.marvel.com/v1/public/characters/1009150,29,http://gateway.marvel.com/v1/public/characters/1009150/comics,http://gateway.marvel.com/v1/public/comics/100853,Life of Wolverine Infinity Comic (2022) #6,http://gateway.marvel.com/v1/public/comics/18082,Weapon X (2002) #2,http://gateway.marvel.com/v1/public/comics/18092,Weapon X (2002) #3,http://gateway.marvel.com/v1/public/comics/18074,Weapon X (2002) #12,http://gateway.marvel.com/v1/public/comics/246,Weapon X (2002) #13,http://gateway.marvel.com/v1/public/comics/2204,Weapon X: Days of Future Now (2005) #1,http://gateway.marvel.com/v1/public/comics/2324,Weapon X: Days of Future Now (2005) #2,http://gateway.marvel.com/v1/public/comics/2438,Weapon X: Days of Future Now (2005) #3,http://gateway.marvel.com/v1/public/comics/2439,Weapon X: Days of Future Now (2005) #4,http://gateway.marvel.com/v1/public/comics/3016,Weapon X: Days of Future Now (2005) #5,http://gateway.marvel.com/v1/public/comics/3357,Weapon X: Days of Future Now (Trade Paperback),http://gateway.marvel.com/v1/public/comics/18408,Weapon X: The Draft  Agent Zero (2002) #1,20,10,http://gateway.marvel.com/v1/public/characters/1009150/series,http://gateway.marvel.com/v1/public/series/34445,Life of Wolverine Infinity Comic (2022),http://gateway.marvel.com/v1/public/series/543,Weapon X (2002 - 2004),http://gateway.marvel.com/v1/public/series/1478,Weapon X: Days of Future Now (2006),10,31,http://gateway.marvel.com/v1/public/characters/1009150/stories,http://gateway.marvel.com/v1/public/stories/1131,WEAPON X (2002) #13,cover,http://gateway.marvel.com/v1/public/stories/4603,1 of 5 - 5XLS,interiorStory,http://gateway.marvel.com/v1/public/stories/4605,2 of 5 - 5XLS,interiorStory,http://gateway.marvel.com/v1/public/stories/4606,3 of 5 - 5XLS,cover,http://gateway.marvel.com/v1/public/stories/4608,4 of 5 - 5XLS,cover,http://gateway.marvel.com/v1/public/stories/4610,5 of 5 - 5XLS,cover,http://gateway.marvel.com/v1/public/stories/28706,The Hunted Part 2,interiorStory,http://gateway.marvel.com/v1/public/stories/28712,The Hunted Part 5,interiorStory,http://gateway.marvel.com/v1/public/stories/28738,The Logan Files Epilogue,interiorStory,http://gateway.marvel.com/v1/public/stories/28881,Counting Coup,interiorStory,http://gateway.marvel.com/v1/public/stories/28883,Nightmare Quest!,interiorStory,http://gateway.marvel.com/v1/public/stories/28885,Reunion!,interiorStory,http://gateway.marvel.com/v1/public/stories/28887,Bastions of Glory!,interiorStory,http://gateway.marvel.com/v1/public/stories/28889,What Goes Around...,interiorStory,http://gateway.marvel.com/v1/public/stories/28895,Valley O' Death,interiorStory,http://gateway.marvel.com/v1/public/stories/28897,Epsilon Red,interiorStory,http://gateway.marvel.com/v1/public/stories/28941,Showdown In Lowtown,interiorStory,http://gateway.marvel.com/v1/public/stories/29125,Last Stand,interiorStory,http://gateway.marvel.com/v1/public/stories/29139,Over...Again,interiorStory,http://gateway.marvel.com/v1/public/stories/38511,Second Contact,interiorStory,20,0,http://gateway.marvel.com/v1/public/characters/1009150/events,,,0,detail,http://marvel.com/characters/102/agent_zero?utm_campaign=apiRef&utm_source=2a473b4e6ba914e775d03adebf39f7eb,wiki,http://marvel.com/universe/Agent_Zero?utm_campaign=apiRef&utm_source=2a473b4e6ba914e775d03adebf39f7eb,comiclink,http://marvel.com/comics/characters/1009150/agent_zero?utm_campaign=apiRef&utm_source=2a473b4e6ba914e775d03adebf39f7eb,http://gateway.marvel.com/v1/public/comics/14182,Wolverine (1988) #60,http://gateway.marvel.com/v1/public/comics/14183,Wolverine (1988) #61,http://gateway.marvel.com/v1/public/comics/14184,Wolverine (1988) #62,http://gateway.marvel.com/v1/public/comics/14185,Wolverine (1988) #63,http://gateway.marvel.com/v1/public/comics/14186,Wolverine (1988) #64,http://gateway.marvel.com/v1/public/comics/14189,Wolverine (1988) #67,http://gateway.marvel.com/v1/public/comics/14190,Wolverine (1988) #68,http://gateway.marvel.com/v1/public/comics/14211,Wolverine (1988) #87,http://gateway.marvel.com/v1/public/series/869,Weapon X: Days of Future Now (2005),http://gateway.marvel.com/v1/public/series/3649,Weapon X: The Draft  Agent Zero (2002),http://gateway.marvel.com/v1/public/series/2262,Wolverine (1988 - 2003),http://gateway.marvel.com/v1/public/series/84,WOLVERINE/DEADPOOL: WEAPON X (1999),http://gateway.marvel.com/v1/public/series/3643,X-Man (1995 - 2000),http://gateway.marvel.com/v1/public/series/2265,X-Men (1991 - 2001),http://gateway.marvel.com/v1/public/series/3637,X-Men Unlimited (1993 - 2003),,,,,,,,,,,,,,,,,,,,,,,,,,,,,,,,,,
1011198,Agents of Atlas,,2016-02-03T10:25:22-0500,http://i.annihil.us/u/prod/marvel/i/mg/9/a0/4ce18a834b7f5,jpg,http://gateway.marvel.com/v1/public/characters/1011198,45,http://gateway.marvel.com/v1/public/characters/1011198/comics,http://gateway.marvel.com/v1/public/comics/23659,Agents of Atlas (2009) #1,http://gateway.marvel.com/v1/public/comics/4801,Agents of Atlas (2006) #1,http://gateway.marvel.com/v1/public/comics/77001,Agents of Atlas (2019) #1,http://gateway.marvel.com/v1/public/comics/23660,Agents of Atlas (2009) #1 (50/50 COVER),http://gateway.marvel.com/v1/public/comics/5089,Agents of Atlas (2006) #2,http://gateway.marvel.com/v1/public/comics/23825,Agents of Atlas (2009) #2,http://gateway.marvel.com/v1/public/comics/27402,Agents of Atlas (2009) #2 (BACHALO 2ND PRINTING VARIANT),http://gateway.marvel.com/v1/public/comics/23824,Agents of Atlas (2009) #2 (MCGUINNESS VARIANT),http://gateway.marvel.com/v1/public/comics/5241,Agents of Atlas (2006) #3,http://gateway.marvel.com/v1/public/comics/24015,Agents of Atlas (2009) #3,http://gateway.marvel.com/v1/public/comics/24016,Agents of Atlas (2009) #3 (MCGUINNESS VARIANT),http://gateway.marvel.com/v1/public/comics/24017,Agents of Atlas (2009) #3 (Wolverine Art Appreciation Variant),20,13,http://gateway.marvel.com/v1/public/characters/1011198/series,http://gateway.marvel.com/v1/public/series/1097,Agents of Atlas (2006 - 2007),http://gateway.marvel.com/v1/public/series/6807,Agents of Atlas (2009),http://gateway.marvel.com/v1/public/series/27624,Agents of Atlas (2019),13,52,http://gateway.marvel.com/v1/public/characters/1011198/stories,http://gateway.marvel.com/v1/public/stories/6008,1 of 6 - 6 XLS-,cover,http://gateway.marvel.com/v1/public/stories/6009,1 of 6 - 6 XLS-,interiorStory,http://gateway.marvel.com/v1/public/stories/6010,2 of 6 - 6 XLS -,cover,http://gateway.marvel.com/v1/public/stories/6011,2 of 6 - 6 XLS -,interiorStory,http://gateway.marvel.com/v1/public/stories/6012,3 of 6 - 6 XLS -,cover,http://gateway.marvel.com/v1/public/stories/6013,3 of 6 - 6 XLS -,interiorStory,http://gateway.marvel.com/v1/public/stories/6014,4 of 6 - 6 XLS -,cover,http://gateway.marvel.com/v1/public/stories/6015,4 of 6 - 6 XLS -,interiorStory,http://gateway.marvel.com/v1/public/stories/6016,5 of 6 - 6 XLS -,cover,http://gateway.marvel.com/v1/public/stories/6017,5 of 6 - 6 XLS -,interiorStory,http://gateway.marvel.com/v1/public/stories/6018,5 of 6 - Story A - 6XLS,cover,http://gateway.marvel.com/v1/public/stories/6019,5 of 6 - Story A - 6XLS,interiorStory,http://gateway.marvel.com/v1/public/stories/51050,1 of 1,cover,http://gateway.marvel.com/v1/public/stories/52393,1 of 3,interiorStory,http://gateway.marvel.com/v1/public/stories/52395,1 of 3,interiorStory,http://gateway.marvel.com/v1/public/stories/52861,2 of 3,interiorStory,http://gateway.marvel.com/v1/public/stories/52863,2 of 3,interiorStory,http://gateway.marvel.com/v1/public/stories/53263,3 of 3,interiorStory,http://gateway.marvel.com/v1/public/stories/53265,3 of 3,interiorStory,http://gateway.marvel.com/v1/public/stories/53266,3 of 3,interiorStory,20,1,http://gateway.marvel.com/v1/public/characters/1011198/events,http://gateway.marvel.com/v1/public/events/318,Dark Reign,1,detail,http://marvel.com/comics/characters/1011198/agents_of_atlas?utm_campaign=apiRef&utm_source=2a473b4e6ba914e775d03adebf39f7eb,wiki,http://marvel.com/universe/Agents_of_Atlas?utm_campaign=apiRef&utm_source=2a473b4e6ba914e775d03adebf39f7eb,comiclink,http://marvel.com/comics/characters/1011198/agents_of_atlas?utm_campaign=apiRef&utm_source=2a473b4e6ba914e775d03adebf39f7eb,http://gateway.marvel.com/v1/public/comics/5404,Agents of Atlas (2006) #4,http://gateway.marvel.com/v1/public/comics/24219,Agents of Atlas (2009) #4,http://gateway.marvel.com/v1/public/comics/24221,Agents of Atlas (2009) #5,http://gateway.marvel.com/v1/public/comics/5665,Agents of Atlas (2006) #5,http://gateway.marvel.com/v1/public/comics/24222,Agents of Atlas (2009) #5 (MCGUINNESS VARIANT),http://gateway.marvel.com/v1/public/comics/24360,Agents of Atlas (2009) #6,http://gateway.marvel.com/v1/public/comics/5842,Agents of Atlas (2006) #6,http://gateway.marvel.com/v1/public/comics/24361,Agents of Atlas (2009) #7,http://gateway.marvel.com/v1/public/series/1980,AGENTS OF ATLAS PREMIERE HC (2007),http://gateway.marvel.com/v1/public/series/24134,Agents of Atlas: The Complete Collection Vol. 1 (2018),http://gateway.marvel.com/v1/public/series/29600,Atlantis Attacks (2020),http://gateway.marvel.com/v1/public/series/9782,Atlas (2010),http://gateway.marvel.com/v1/public/series/9181,Avengers Vs. Atlas (2010),http://gateway.marvel.com/v1/public/series/6415,Dark Reign: New Nation (2008),http://gateway.marvel.com/v1/public/series/27620,Incoming! (2019),http://gateway.marvel.com/v1/public/series/27505,War of the Realms: New Agents of Atlas (2019),http://gateway.marvel.com/v1/public/series/27374,War Of The Realms: New Agents Of Atlas (2019),http://gateway.marvel.com/v1/public/series/22365,Wolverine: Prehistory (2017),,,,,,,,,,,,,,,,,,,,,,,,,,,,
1011175,Aginar,,1969-12-31T19:00:00-0500,http://i.annihil.us/u/prod/marvel/i/mg/b/40/image_not_available,jpg,http://gateway.marvel.com/v1/public/characters/1011175,0,http://gateway.marvel.com/v1/public/characters/1011175/comics,,,,,,,,,,,,,,,,,,,,,,,,,0,0,http://gateway.marvel.com/v1/public/characters/1011175/series,,,,,,,0,0,http://gateway.marvel.com/v1/public/characters/1011175/stories,,,,,,,,,,,,,,,,,,,,,,,,,,,,,,,,,,,,,,,,,,,,,,,,,,,,,,,,,,,,,0,0,http://gateway.marvel.com/v1/public/characters/1011175/events,,,0,detail,http://marvel.com/characters/105/aginar?utm_campaign=apiRef&utm_source=2a473b4e6ba914e775d03adebf39f7eb,wiki,http://marvel.com/universe/Aginar?utm_campaign=apiRef&utm_source=2a473b4e6ba914e775d03adebf39f7eb,comiclink,http://marvel.com/comics/characters/1011175/aginar?utm_campaign=apiRef&utm_source=2a473b4e6ba914e775d03adebf39f7eb,,,,,,,,,,,,,,,,,,,,,,,,,,,,,,,,,,,,,,,,,,,,,,,,,,,,,,,,,,,,,,,,
1011136,Air-Walker (Gabriel Lan),,1969-12-31T19:00:00-0500,http://i.annihil.us/u/prod/marvel/i/mg/b/40/image_not_available,jpg,http://gateway.marvel.com/v1/public/characters/1011136,4,http://gateway.marvel.com/v1/public/characters/1011136/comics,http://gateway.marvel.com/v1/public/comics/4108,Annihilation: Silver Surfer (2006) #1,http://gateway.marvel.com/v1/public/comics/5589,Heroes Reborn: Iron Man (Trade Paperback),http://gateway.marvel.com/v1/public/comics/16330,Iron Man (1996) #11,http://gateway.marvel.com/v1/public/comics/16331,Iron Man (1996) #12,,,,,,,,,,,,,,,,,4,3,http://gateway.marvel.com/v1/public/characters/1011136/series,http://gateway.marvel.com/v1/public/series/1078,Annihilation: Silver Surfer (2006),http://gateway.marvel.com/v1/public/series/1814,Heroes Reborn: Iron Man (2006),http://gateway.marvel.com/v1/public/series/13577,Iron Man (1996 - 1998),3,3,http://gateway.marvel.com/v1/public/characters/1011136/stories,http://gateway.marvel.com/v1/public/stories/5925,Annihilation: Silver Surfer (2006) #1,cover,http://gateway.marvel.com/v1/public/stories/34082,Magical Mystery Tour,interiorStory,http://gateway.marvel.com/v1/public/stories/34085,Matters of the Heart,interiorStory,,,,,,,,,,,,,,,,,,,,,,,,,,,,,,,,,,,,,,,,,,,,,,,,,,,,3,1,http://gateway.marvel.com/v1/public/characters/1011136/events,http://gateway.marvel.com/v1/public/events/229,Annihilation,1,detail,http://marvel.com/characters/109/air-walker?utm_campaign=apiRef&utm_source=2a473b4e6ba914e775d03adebf39f7eb,wiki,http://marvel.com/universe/Air-Walker_(Gabriel_Lan)?utm_campaign=apiRef&utm_source=2a473b4e6ba914e775d03adebf39f7eb,comiclink,http://marvel.com/comics/characters/1011136/air-walker_gabriel_lan?utm_campaign=apiRef&utm_source=2a473b4e6ba914e775d03adebf39f7eb,,,,,,,,,,,,,,,,,,,,,,,,,,,,,,,,,,,,,,,,,,,,,,,,,,,,,,,,,,,,,,,,
